solution,parameters
0.2499998362935554,base_order_size
0.02875994990406855,DCA_order_size
1.00092604923572,dca_multiplier
-0.01164129722199863,price_deviation_target
1.4962180231186257,price_deviation_multiplier
0.07922478042731838,take_profit_target
